Llama8B	0.7	150	artifacts/results/GRPO-Llama8B-math-temp-0.7/step-150	201	1	tmp/math_reference_dataset.jsonl
Llama8B	0.7	150	artifacts/results/GRPO-Llama8B-math-temp-0.7/step-150	210	1	tmp/math_reference_dataset.jsonl
Llama8B	0.7	150	artifacts/results/GRPO-Llama8B-math-temp-0.7/step-150	216	1	tmp/math_reference_dataset.jsonl
Llama8B	0.7	150	artifacts/results/GRPO-Llama8B-math-temp-0.7/step-150	224	1	tmp/math_reference_dataset.jsonl
Llama8B	0.7	150	artifacts/results/GRPO-Llama8B-math-temp-0.7/step-150	231	1	tmp/math_reference_dataset.jsonl
Llama8B	0.7	150	artifacts/results/GRPO-Llama8B-math-temp-0.7/step-150	239	1	tmp/math_reference_dataset.jsonl
Llama8B	0.7	150	artifacts/results/GRPO-Llama8B-math-temp-0.7/step-150	240	1	tmp/math_reference_dataset.jsonl
Llama8B	0.7	150	artifacts/results/GRPO-Llama8B-math-temp-0.7/step-150	241	1	tmp/math_reference_dataset.jsonl
Llama8B	0.7	150	artifacts/results/GRPO-Llama8B-math-temp-0.7/step-150	244	1	tmp/math_reference_dataset.jsonl
Llama8B	0.7	150	artifacts/results/GRPO-Llama8B-math-temp-0.7/step-150	246	1	tmp/math_reference_dataset.jsonl
Llama8B	0.7	150	artifacts/results/GRPO-Llama8B-math-temp-0.7/step-150	255	1	tmp/math_reference_dataset.jsonl
Llama8B	0.7	150	artifacts/results/GRPO-Llama8B-math-temp-0.7/step-150	262	1	tmp/math_reference_dataset.jsonl
Llama8B	0.7	150	artifacts/results/GRPO-Llama8B-math-temp-0.7/step-150	265	1	tmp/math_reference_dataset.jsonl
Llama8B	0.7	150	artifacts/results/GRPO-Llama8B-math-temp-0.7/step-150	270	1	tmp/math_reference_dataset.jsonl
Llama8B	0.7	150	artifacts/results/GRPO-Llama8B-math-temp-0.7/step-150	275	1	tmp/math_reference_dataset.jsonl
Llama8B	0.7	150	artifacts/results/GRPO-Llama8B-math-temp-0.7/step-150	279	1	tmp/math_reference_dataset.jsonl
Llama8B	0.7	150	artifacts/results/GRPO-Llama8B-math-temp-0.7/step-150	281	1	tmp/math_reference_dataset.jsonl
Llama8B	0.7	150	artifacts/results/GRPO-Llama8B-math-temp-0.7/step-150	283	1	tmp/math_reference_dataset.jsonl
Llama8B	0.7	150	artifacts/results/GRPO-Llama8B-math-temp-0.7/step-150	288	1	tmp/math_reference_dataset.jsonl
Llama8B	0.7	150	artifacts/results/GRPO-Llama8B-math-temp-0.7/step-150	291	1	tmp/math_reference_dataset.jsonl
Llama8B	0.7	150	artifacts/results/GRPO-Llama8B-math-temp-0.7/step-150	297	1	tmp/math_reference_dataset.jsonl
Llama8B	0.7	150	artifacts/results/GRPO-Llama8B-math-temp-0.7/step-150	298	1	tmp/math_reference_dataset.jsonl
Llama8B	0.7	150	artifacts/results/GRPO-Llama8B-math-temp-0.7/step-150	299	1	tmp/math_reference_dataset.jsonl
Llama8B	0.7	150	artifacts/results/GRPO-Llama8B-math-temp-0.7/step-150	300	1	tmp/math_reference_dataset.jsonl
Llama8B	0.7	150	artifacts/results/GRPO-Llama8B-math-temp-0.7/step-150	309	1	tmp/math_reference_dataset.jsonl
Llama8B	0.7	150	artifacts/results/GRPO-Llama8B-math-temp-0.7/step-150	314	1	tmp/math_reference_dataset.jsonl
Llama8B	0.7	150	artifacts/results/GRPO-Llama8B-math-temp-0.7/step-150	315	1	tmp/math_reference_dataset.jsonl
Llama8B	0.7	150	artifacts/results/GRPO-Llama8B-math-temp-0.7/step-150	317	1	tmp/math_reference_dataset.jsonl
Llama8B	0.7	150	artifacts/results/GRPO-Llama8B-math-temp-0.7/step-150	338	1	tmp/math_reference_dataset.jsonl
Llama8B	0.7	150	artifacts/results/GRPO-Llama8B-math-temp-0.7/step-150	341	1	tmp/math_reference_dataset.jsonl
Llama8B	0.7	150	artifacts/results/GRPO-Llama8B-math-temp-0.7/step-150	344	1	tmp/math_reference_dataset.jsonl
Llama8B	0.7	150	artifacts/results/GRPO-Llama8B-math-temp-0.7/step-150	353	1	tmp/math_reference_dataset.jsonl
Llama8B	0.7	150	artifacts/results/GRPO-Llama8B-math-temp-0.7/step-150	354	1	tmp/math_reference_dataset.jsonl
Llama8B	0.7	150	artifacts/results/GRPO-Llama8B-math-temp-0.7/step-150	356	1	tmp/math_reference_dataset.jsonl
Llama8B	0.7	150	artifacts/results/GRPO-Llama8B-math-temp-0.7/step-150	357	1	tmp/math_reference_dataset.jsonl
Llama8B	0.7	150	artifacts/results/GRPO-Llama8B-math-temp-0.7/step-150	372	1	tmp/math_reference_dataset.jsonl
Llama8B	0.7	150	artifacts/results/GRPO-Llama8B-math-temp-0.7/step-150	381	1	tmp/math_reference_dataset.jsonl
Llama8B	0.7	150	artifacts/results/GRPO-Llama8B-math-temp-0.7/step-150	388	1	tmp/math_reference_dataset.jsonl
Llama8B	0.7	150	artifacts/results/GRPO-Llama8B-math-temp-0.7/step-150	396	1	tmp/math_reference_dataset.jsonl
Llama8B	0.7	150	artifacts/results/GRPO-Llama8B-math-temp-0.7/step-150	409	1	tmp/math_reference_dataset.jsonl
Llama8B	0.7	150	artifacts/results/GRPO-Llama8B-math-temp-0.7/step-150	412	1	tmp/math_reference_dataset.jsonl
Llama8B	0.7	150	artifacts/results/GRPO-Llama8B-math-temp-0.7/step-150	429	1	tmp/math_reference_dataset.jsonl
Llama8B	0.7	150	artifacts/results/GRPO-Llama8B-math-temp-0.7/step-150	440	1	tmp/math_reference_dataset.jsonl
Llama8B	0.7	150	artifacts/results/GRPO-Llama8B-math-temp-0.7/step-150	443	1	tmp/math_reference_dataset.jsonl
Llama8B	0.7	150	artifacts/results/GRPO-Llama8B-math-temp-0.7/step-150	462	1	tmp/math_reference_dataset.jsonl
Llama8B	0.7	150	artifacts/results/GRPO-Llama8B-math-temp-0.7/step-150	464	1	tmp/math_reference_dataset.jsonl
Llama8B	0.7	150	artifacts/results/GRPO-Llama8B-math-temp-0.7/step-150	465	1	tmp/math_reference_dataset.jsonl
Llama8B	0.7	150	artifacts/results/GRPO-Llama8B-math-temp-0.7/step-150	487	1	tmp/math_reference_dataset.jsonl
Llama8B	0.7	150	artifacts/results/GRPO-Llama8B-math-temp-0.7/step-150	488	1	tmp/math_reference_dataset.jsonl
Llama8B	0.7	150	artifacts/results/GRPO-Llama8B-math-temp-0.7/step-150	495	1	tmp/math_reference_dataset.jsonl
Llama8B	0.7	150	artifacts/results/GRPO-Llama8B-math-temp-0.7/step-150	499	1	tmp/math_reference_dataset.jsonl
